id;nom_user;prenom_user;email_user;mot_de_passe;role;matricule;departement;statut
1;questionably pile incidentally;apropos amidst;duh;yet;yowza writ bandanna;testimony unruly;from;inwardly
2;scaly outside;um before barring;psst while provided;subvert midst suspiciously;overpower bootleg readies;where;from;gee whoever
3;justify amongst;custody as walk;amongst closely;aboard carpenter under;cluttered treasure;after likewise;paste contour;academy
4;handle;certainly;update;shutdown hmph justly;wildly stoop;sow yowza boohoo;since;round
5;frosty;quantity;plunk upbeat;inasmuch huzzah occasional;failing;error marshland geez;yowza nicely;forecast ecliptic satisfied
6;huzzah even;zowie excluding;earplug whet;idolize scratch now;unto under;optimistically;sane following mmm;atop until sometimes
7;ack uh-huh worth;ick diesel;pomegranate yahoo at;lest;wherever thermostat eek;church yearly feminine;hmph;now frosty by
8;wig neatly;visible;reappoint judo;malfunction;woot quintuple;um spare;midst pointed;yum whose
9;wherever bitterly;confirmation;very;boo save;commonly hence cede;millennium;while surprisingly gadzooks;bale flowery
10;gosh nosh supposing;orchid unfurl whether;where disruption;searchingly deform nervous;afore into;whereas;suspiciously agitated hence;jittery round
