id;date_paiement;mois_paiement;annee_paiement;payer_mensualite_yn;payer_delais_yn;email_user
1;2024-05-24T12:56:56;softly brr blah;capital;10285;17695;gadzooks that epithelium
2;2024-05-24T11:49:47;amongst why often;stalk;13132;16960;silent
3;2024-05-24T10:03:08;spectacular;curly merchandise versus;18101;18351;kiddingly hit
4;2024-05-24T17:49:38;trunk jolly;happy-go-lucky quaintly dot;16380;14727;wrongly captor line
5;2024-05-24T00:45:05;warm rim;neutralize below;7112;28487;phew
6;2024-05-23T21:53:47;woot;base certainly shack;12509;18000;whoa
7;2024-05-24T07:46:58;crocodile utility;hungrily;1113;9098;rigidly fulfillment
8;2024-05-24T16:20:02;as;remaster;21377;593;boohoo general
9;2024-05-24T15:03:13;woot;viciously;850;876;saw towards plus
10;2024-05-24T12:54:02;third experienced gee;under;7399;20575;excluding
