id;nom;prenom;email;mot_de_passe;role;matricule;departement;statut
1;questionably pile incidentally;apropos amidst;Destin43@yahoo.com;meh omit ugh;connect;among seed democracy;camel the;imprison ideal
2;regarding;endure;Treva35@hotmail.com;yum crane;till;medical;hypnotize indeed;by against
3;extremely likewise apud;indeed tan;Ivah21@yahoo.com;following ugh;until;amidst above;now;beyond broom victorious
4;but oh woot;except;Myra.Hettinger44@hotmail.com;furthermore healthily hydrocarbon;anenst as distress;provided puggle thoroughly;madly subcontract;and stealthily absentmindedly
5;failing encamp;given;Orrin.Hansen63@yahoo.com;the inasmuch huzzah;cavernous failing defiantly;marshland;many;potter wonderful forecast
6;ack overdue huzzah;nor;August.Wolf@yahoo.com;excluding excepting chubby;immediately madly nor;an pfft;cruel kind um;likewise
7;yum rebrand advice;though why sail;Zola_Hand32@gmail.com;meh overstep through;stick blah;knowledgeably furthermore;whenever;wetly harald
8;feminine um really;unnatural;Emie_Rodriguez-Boehm@hotmail.com;questionably atop;hmph calf;below breath lest;soup;incidentally outrun strong
9;simplify far-off;opposite;Ferne10@yahoo.com;because toward;zowie brr;sans quote beep;oh;yesterday
10;joy even at;second marten whose;Lorenz_Fisher@hotmail.com;zowie;measurement plum;chargrill;ask;how bisect
