id;date_execution;email_user;detail_operation;info_systeme
1;2024-06-24T21:36:06;souvent absolument au dépens de;../fake-data/blob/hipster.txt;hôte antagoniste quand
2;2024-06-25T10:31:31;quand;../fake-data/blob/hipster.txt;planter à condition que
3;2024-06-25T14:33:37;spécialiste tellement;../fake-data/blob/hipster.txt;adapter de la part de
4;2024-06-25T09:13:27;zzzz à peu près célébrer;../fake-data/blob/hipster.txt;brave expliquer
5;2024-06-25T11:46:03;là-haut bzzz;../fake-data/blob/hipster.txt;spécialiste de façon à ce que où
6;2024-06-25T10:37:51;dring assurément;../fake-data/blob/hipster.txt;miaou vis-à-vie de
7;2024-06-25T14:53:14;pressentir;../fake-data/blob/hipster.txt;quasiment
8;2024-06-25T14:44:33;indiquer;../fake-data/blob/hipster.txt;crac heurter
9;2024-06-25T16:53:17;diététiste correspondre;../fake-data/blob/hipster.txt;magenta euh
10;2024-06-25T14:23:21;joliment membre de l’équipe aussitôt;../fake-data/blob/hipster.txt;hebdomadaire bien que
